LocalTime, GPSTime, ESSID, BSSID, Power, Security, Latitude, Longitude, Latitude Error, Longitude Error, Type
2026-05-30 09:16:36,1900-01-00 00:00:00,,64:DB:38:2D:8E:8E,-53, ,0.000000,0.000000,0.000,0.000,AP
2026-05-30 09:16:36,1900-01-00 00:00:00,PTO03-3G,64:DB:38:2D:8E:8E,-53, WPA2 ,0.000000,0.000000,0.000,0.000,AP
2026-05-30 09:16:36,1900-01-00 00:00:00,PTO03-3G,64:DB:38:2D:8E:8E,-55, WPA2 ,0.000000,0.000000,0.000,0.000,AP
2026-05-30 09:16:36,1900-01-00 00:00:00,PTO03-3G,64:DB:38:2D:8E:8E,-51, WPA2 ,0.000000,0.000000,0.000,0.000,AP
2026-05-30 09:16:36,1900-01-00 00:00:00,PTO03-3G,64:DB:38:2D:8E:8E,-53, WPA2 ,0.000000,0.000000,0.000,0.000,AP
2026-05-30 09:16:37,1900-01-00 00:00:00,PTO03-3G,64:DB:38:2D:8E:8E,-53, WPA2 ,0.000000,0.000000,0.000,0.000,AP
2026-05-30 09:16:37,1900-01-00 00:00:00,PTO03-3G,64:DB:38:2D:8E:8E,-53, WPA2 ,0.000000,0.000000,0.000,0.000,AP
2026-05-30 09:16:37,1900-01-00 00:00:00,PTO03-3G,64:DB:38:2D:8E:8E,-53, WPA2 ,0.000000,0.000000,0.000,0.000,AP
2026-05-30 09:16:37,1900-01-00 00:00:00,PTO03-3G,64:DB:38:2D:8E:8E,-53, WPA2 ,0.000000,0.000000,0.000,0.000,AP
2026-05-30 09:16:37,1900-01-00 00:00:00,PTO03-3G,64:DB:38:2D:8E:8E,-53, WPA2 ,0.000000,0.000000,0.000,0.000,AP
2026-05-30 09:16:37,1900-01-00 00:00:00,PTO03-3G,64:DB:38:2D:8E:8E,-55, WPA2 ,0.000000,0.000000,0.000,0.000,AP
2026-05-30 09:16:37,1900-01-00 00:00:00,PTO03-3G,64:DB:38:2D:8E:8E,-53, WPA2 ,0.000000,0.000000,0.000,0.000,AP
2026-05-30 09:16:37,1900-01-00 00:00:00,PTO03-3G,64:DB:38:2D:8E:8E,-53, WPA2 ,0.000000,0.000000,0.000,0.000,AP
2026-05-30 09:16:38,1900-01-00 00:00:00,PTO03-3G,64:DB:38:2D:8E:8E,-55, WPA2 ,0.000000,0.000000,0.000,0.000,AP
2026-05-30 09:16:38,1900-01-00 00:00:00,PTO03-3G,64:DB:38:2D:8E:8E,-51, WPA2 ,0.000000,0.000000,0.000,0.000,AP
2026-05-30 09:16:38,1900-01-00 00:00:00,PTO03-3G,64:DB:38:2D:8E:8E,-53, WPA2 ,0.000000,0.000000,0.000,0.000,AP
2026-05-30 09:16:38,1900-01-00 00:00:00,PTO03-3G,64:DB:38:2D:8E:8E,-53, WPA2 ,0.000000,0.000000,0.000,0.000,AP
2026-05-30 09:16:38,1900-01-00 00:00:00,PTO03-3G,64:DB:38:2D:8E:8E,-53, WPA2 ,0.000000,0.000000,0.000,0.000,AP
2026-05-30 09:16:38,1900-01-00 00:00:00,PTO03-3G,64:DB:38:2D:8E:8E,-53, WPA2 ,0.000000,0.000000,0.000,0.000,AP
2026-05-30 09:16:38,1900-01-00 00:00:00,PTO03-3G,64:DB:38:2D:8E:8E,-55, WPA2 ,0.000000,0.000000,0.000,0.000,AP
2026-05-30 09:16:39,1900-01-00 00:00:00,PTO03-3G,64:DB:38:2D:8E:8E,-53, WPA2 ,0.000000,0.000000,0.000,0.000,AP
2026-05-30 09:16:39,1900-01-00 00:00:00,PTO03-3G,64:DB:38:2D:8E:8E,-53, WPA2 ,0.000000,0.000000,0.000,0.000,AP
2026-05-30 09:16:39,1900-01-00 00:00:00,PTO03-3G,64:DB:38:2D:8E:8E,-53, WPA2 ,0.000000,0.000000,0.000,0.000,AP
2026-05-30 09:16:39,1900-01-00 00:00:00,PTO03-3G,64:DB:38:2D:8E:8E,-53, WPA2 ,0.000000,0.000000,0.000,0.000,AP
2026-05-30 09:16:39,1900-01-00 00:00:00,PTO03-3G,64:DB:38:2D:8E:8E,-53, WPA2 ,0.000000,0.000000,0.000,0.000,AP
2026-05-30 09:16:39,1900-01-00 00:00:00,PTO03-3G,64:DB:38:2D:8E:8E,-55, WPA2 ,0.000000,0.000000,0.000,0.000,AP
2026-05-30 09:16:39,1900-01-00 00:00:00,PTO03-3G,64:DB:38:2D:8E:8E,-55, WPA2 ,0.000000,0.000000,0.000,0.000,AP
2026-05-30 09:16:40,1900-01-00 00:00:00,PTO03-3G,64:DB:38:2D:8E:8E,-55, WPA2 ,0.000000,0.000000,0.000,0.000,AP
2026-05-30 09:16:40,1900-01-00 00:00:00,PTO03-3G,64:DB:38:2D:8E:8E,-53, WPA2 ,0.000000,0.000000,0.000,0.000,AP
2026-05-30 09:16:40,1900-01-00 00:00:00,PTO03-3G,64:DB:38:2D:8E:8E,-53, WPA2 ,0.000000,0.000000,0.000,0.000,AP
2026-05-30 09:16:40,1900-01-00 00:00:00,PTO03-3G,64:DB:38:2D:8E:8E,-55, WPA2 ,0.000000,0.000000,0.000,0.000,AP
2026-05-30 09:16:40,1900-01-00 00:00:00,PTO03-3G,64:DB:38:2D:8E:8E,-53, WPA2 ,0.000000,0.000000,0.000,0.000,AP
2026-05-30 09:16:40,1900-01-00 00:00:00,PTO03-3G,64:DB:38:2D:8E:8E,-55, WPA2 ,0.000000,0.000000,0.000,0.000,AP
2026-05-30 09:16:41,1900-01-00 00:00:00,PTO03-3G,64:DB:38:2D:8E:8E,-53, WPA2 ,0.000000,0.000000,0.000,0.000,AP
2026-05-30 09:16:41,1900-01-00 00:00:00,PTO03-3G,64:DB:38:2D:8E:8E,-53, WPA2 ,0.000000,0.000000,0.000,0.000,AP
2026-05-30 09:16:41,1900-01-00 00:00:00,PTO03-3G,64:DB:38:2D:8E:8E,-53, WPA2 ,0.000000,0.000000,0.000,0.000,AP
2026-05-30 09:16:41,1900-01-00 00:00:00,PTO03-3G,64:DB:38:2D:8E:8E,-53, WPA2 ,0.000000,0.000000,0.000,0.000,AP
2026-05-30 09:16:41,1900-01-00 00:00:00,PTO03-3G,64:DB:38:2D:8E:8E,-55, WPA2 ,0.000000,0.000000,0.000,0.000,AP
2026-05-30 09:16:41,1900-01-00 00:00:00,PTO03-3G,64:DB:38:2D:8E:8E,-55, WPA2 ,0.000000,0.000000,0.000,0.000,AP
2026-05-30 09:16:41,1900-01-00 00:00:00,PTO03-3G,64:DB:38:2D:8E:8E,-53, WPA2 ,0.000000,0.000000,0.000,0.000,AP
2026-05-30 09:16:41,1900-01-00 00:00:00,PTO03-3G,64:DB:38:2D:8E:8E,-53, WPA2 ,0.000000,0.000000,0.000,0.000,AP
2026-05-30 09:16:41,1900-01-00 00:00:00,PTO03-3G,64:DB:38:2D:8E:8E,-53, WPA2 ,0.000000,0.000000,0.000,0.000,AP
2026-05-30 09:16:41,1900-01-00 00:00:00,PTO03-3G,64:DB:38:2D:8E:8E,-55, WPA2 ,0.000000,0.000000,0.000,0.000,AP
2026-05-30 09:16:41,1900-01-00 00:00:00,PTO03-3G,64:DB:38:2D:8E:8E,-53, WPA2 ,0.000000,0.000000,0.000,0.000,AP
2026-05-30 09:16:41,1900-01-00 00:00:00,PTO03-3G,64:DB:38:2D:8E:8E,-55, WPA2 ,0.000000,0.000000,0.000,0.000,AP
2026-05-30 09:16:41,1900-01-00 00:00:00,PTO03-3G,64:DB:38:2D:8E:8E,-53, WPA2 ,0.000000,0.000000,0.000,0.000,AP
2026-05-30 09:16:41,1900-01-00 00:00:00,PTO03-3G,64:DB:38:2D:8E:8E,-55, WPA2 ,0.000000,0.000000,0.000,0.000,AP
2026-05-30 09:16:41,1900-01-00 00:00:00,PTO03-3G,64:DB:38:2D:8E:8E,-53, WPA2 ,0.000000,0.000000,0.000,0.000,AP
2026-05-30 09:16:41,1900-01-00 00:00:00,PTO03-3G,64:DB:38:2D:8E:8E,-53, WPA2 ,0.000000,0.000000,0.000,0.000,AP
2026-05-30 09:16:41,1900-01-00 00:00:00,PTO03-3G,64:DB:38:2D:8E:8E,-53, WPA2 ,0.000000,0.000000,0.000,0.000,AP
2026-05-30 09:16:41,1900-01-00 00:00:00,PTO03-3G,64:DB:38:2D:8E:8E,-53, WPA2 ,0.000000,0.000000,0.000,0.000,AP
2026-05-30 09:16:41,1900-01-00 00:00:00,PTO03-3G,64:DB:38:2D:8E:8E,-53, WPA2 ,0.000000,0.000000,0.000,0.000,AP
2026-05-30 09:16:41,1900-01-00 00:00:00,PTO03-3G,64:DB:38:2D:8E:8E,-53, WPA2 ,0.000000,0.000000,0.000,0.000,AP
2026-05-30 09:16:42,1900-01-00 00:00:00,PTO03-3G,64:DB:38:2D:8E:8E,-53, WPA2 ,0.000000,0.000000,0.000,0.000,AP
2026-05-30 09:16:42,1900-01-00 00:00:00,PTO03-3G,64:DB:38:2D:8E:8E,-53, WPA2 ,0.000000,0.000000,0.000,0.000,AP
2026-05-30 09:16:42,1900-01-00 00:00:00,PTO03-3G,64:DB:38:2D:8E:8E,-53, WPA2 ,0.000000,0.000000,0.000,0.000,AP
2026-05-30 09:16:42,1900-01-00 00:00:00,PTO03-3G,64:DB:38:2D:8E:8E,-55, WPA2 ,0.000000,0.000000,0.000,0.000,AP
2026-05-30 09:16:42,1900-01-00 00:00:00,PTO03-3G,64:DB:38:2D:8E:8E,-55, WPA2 ,0.000000,0.000000,0.000,0.000,AP
2026-05-30 09:16:42,1900-01-00 00:00:00,PTO03-3G,64:DB:38:2D:8E:8E,-53, WPA2 ,0.000000,0.000000,0.000,0.000,AP
2026-05-30 09:16:42,1900-01-00 00:00:00,PTO03-3G,64:DB:38:2D:8E:8E,-53, WPA2 ,0.000000,0.000000,0.000,0.000,AP
2026-05-30 09:16:42,1900-01-00 00:00:00,PTO03-3G,64:DB:38:2D:8E:8E,-53, WPA2 ,0.000000,0.000000,0.000,0.000,AP
2026-05-30 09:16:43,1900-01-00 00:00:00,PTO03-3G,64:DB:38:2D:8E:8E,-53, WPA2 ,0.000000,0.000000,0.000,0.000,AP
2026-05-30 09:16:43,1900-01-00 00:00:00,PTO03-3G,64:DB:38:2D:8E:8E,-55, WPA2 ,0.000000,0.000000,0.000,0.000,AP
2026-05-30 09:16:43,1900-01-00 00:00:00,PTO03-3G,64:DB:38:2D:8E:8E,-53, WPA2 ,0.000000,0.000000,0.000,0.000,AP
2026-05-30 09:16:43,1900-01-00 00:00:00,PTO03-3G,64:DB:38:2D:8E:8E,-53, WPA2 ,0.000000,0.000000,0.000,0.000,AP
2026-05-30 09:16:43,1900-01-00 00:00:00,PTO03-3G,64:DB:38:2D:8E:8E,-55, WPA2 ,0.000000,0.000000,0.000,0.000,AP
2026-05-30 09:16:43,1900-01-00 00:00:00,PTO03-3G,64:DB:38:2D:8E:8E,-53, WPA2 ,0.000000,0.000000,0.000,0.000,AP
2026-05-30 09:16:43,1900-01-00 00:00:00,PTO03-3G,64:DB:38:2D:8E:8E,-53, WPA2 ,0.000000,0.000000,0.000,0.000,AP
2026-05-30 09:16:43,1900-01-00 00:00:00,PTO03-3G,64:DB:38:2D:8E:8E,-55, WPA2 ,0.000000,0.000000,0.000,0.000,AP
2026-05-30 09:16:44,1900-01-00 00:00:00,PTO03-3G,64:DB:38:2D:8E:8E,-55, WPA2 ,0.000000,0.000000,0.000,0.000,AP
2026-05-30 09:16:44,1900-01-00 00:00:00,PTO03-3G,64:DB:38:2D:8E:8E,-55, WPA2 ,0.000000,0.000000,0.000,0.000,AP
2026-05-30 09:16:44,1900-01-00 00:00:00,PTO03-3G,64:DB:38:2D:8E:8E,-53, WPA2 ,0.000000,0.000000,0.000,0.000,AP
2026-05-30 09:16:44,1900-01-00 00:00:00,PTO03-3G,64:DB:38:2D:8E:8E,-53, WPA2 ,0.000000,0.000000,0.000,0.000,AP
2026-05-30 09:16:44,1900-01-00 00:00:00,PTO03-3G,64:DB:38:2D:8E:8E,-53, WPA2 ,0.000000,0.000000,0.000,0.000,AP
2026-05-30 09:16:44,1900-01-00 00:00:00,PTO03-3G,64:DB:38:2D:8E:8E,-53, WPA2 ,0.000000,0.000000,0.000,0.000,AP
2026-05-30 09:16:44,1900-01-00 00:00:00,PTO03-3G,64:DB:38:2D:8E:8E,-53, WPA2 ,0.000000,0.000000,0.000,0.000,AP
2026-05-30 09:16:44,1900-01-00 00:00:00,PTO03-3G,64:DB:38:2D:8E:8E,-55, WPA2 ,0.000000,0.000000,0.000,0.000,AP
2026-05-30 09:16:45,1900-01-00 00:00:00,PTO03-3G,64:DB:38:2D:8E:8E,-51, WPA2 ,0.000000,0.000000,0.000,0.000,AP
2026-05-30 09:16:45,1900-01-00 00:00:00,PTO03-3G,64:DB:38:2D:8E:8E,-55, WPA2 ,0.000000,0.000000,0.000,0.000,AP
2026-05-30 09:16:45,1900-01-00 00:00:00,PTO03-3G,64:DB:38:2D:8E:8E,-53, WPA2 ,0.000000,0.000000,0.000,0.000,AP
2026-05-30 09:16:45,1900-01-00 00:00:00,PTO03-3G,64:DB:38:2D:8E:8E,-53, WPA2 ,0.000000,0.000000,0.000,0.000,AP
2026-05-30 09:16:45,1900-01-00 00:00:00,PTO03-3G,64:DB:38:2D:8E:8E,-53, WPA2 ,0.000000,0.000000,0.000,0.000,AP
2026-05-30 09:16:45,1900-01-00 00:00:00,PTO03-3G,64:DB:38:2D:8E:8E,-53, WPA2 ,0.000000,0.000000,0.000,0.000,AP
2026-05-30 09:16:46,1900-01-00 00:00:00,PTO03-3G,64:DB:38:2D:8E:8E,-55, WPA2 ,0.000000,0.000000,0.000,0.000,AP
2026-05-30 09:16:46,1900-01-00 00:00:00,PTO03-3G,64:DB:38:2D:8E:8E,-53, WPA2 ,0.000000,0.000000,0.000,0.000,AP
2026-05-30 09:16:46,1900-01-00 00:00:00,PTO03-3G,64:DB:38:2D:8E:8E,-55, WPA2 ,0.000000,0.000000,0.000,0.000,AP
2026-05-30 09:16:46,1900-01-00 00:00:00,PTO03-3G,64:DB:38:2D:8E:8E,-55, WPA2 ,0.000000,0.000000,0.000,0.000,AP
2026-05-30 09:16:46,1900-01-00 00:00:00,PTO03-3G,64:DB:38:2D:8E:8E,-55, WPA2 ,0.000000,0.000000,0.000,0.000,AP
2026-05-30 09:16:46,1900-01-00 00:00:00,PTO03-3G,64:DB:38:2D:8E:8E,-55, WPA2 ,0.000000,0.000000,0.000,0.000,AP
2026-05-30 09:16:46,1900-01-00 00:00:00,PTO03-3G,64:DB:38:2D:8E:8E,-55, WPA2 ,0.000000,0.000000,0.000,0.000,AP
2026-05-30 09:16:47,1900-01-00 00:00:00,PTO03-3G,64:DB:38:2D:8E:8E,-55, WPA2 ,0.000000,0.000000,0.000,0.000,AP
2026-05-30 09:16:47,1900-01-00 00:00:00,PTO03-3G,64:DB:38:2D:8E:8E,-53, WPA2 ,0.000000,0.000000,0.000,0.000,AP
2026-05-30 09:16:47,1900-01-00 00:00:00,PTO03-3G,64:DB:38:2D:8E:8E,-55, WPA2 ,0.000000,0.000000,0.000,0.000,AP
2026-05-30 09:16:47,1900-01-00 00:00:00,PTO03-3G,64:DB:38:2D:8E:8E,-55, WPA2 ,0.000000,0.000000,0.000,0.000,AP
2026-05-30 09:16:47,1900-01-00 00:00:00,PTO03-3G,64:DB:38:2D:8E:8E,-55, WPA2 ,0.000000,0.000000,0.000,0.000,AP
2026-05-30 09:16:48,1900-01-00 00:00:00,PTO03-3G,64:DB:38:2D:8E:8E,-55, WPA2 ,0.000000,0.000000,0.000,0.000,AP
2026-05-30 09:16:48,1900-01-00 00:00:00,PTO03-3G,64:DB:38:2D:8E:8E,-55, WPA2 ,0.000000,0.000000,0.000,0.000,AP
2026-05-30 09:16:48,1900-01-00 00:00:00,PTO03-3G,64:DB:38:2D:8E:8E,-55, WPA2 ,0.000000,0.000000,0.000,0.000,AP
2026-05-30 09:16:48,1900-01-00 00:00:00,PTO03-3G,64:DB:38:2D:8E:8E,-55, WPA2 ,0.000000,0.000000,0.000,0.000,AP
2026-05-30 09:16:48,1900-01-00 00:00:00,PTO03-3G,64:DB:38:2D:8E:8E,-57, WPA2 ,0.000000,0.000000,0.000,0.000,AP
2026-05-30 09:16:48,1900-01-00 00:00:00,PTO03-3G,64:DB:38:2D:8E:8E,-57, WPA2 ,0.000000,0.000000,0.000,0.000,AP
2026-05-30 09:16:48,1900-01-00 00:00:00,PTO03-3G,64:DB:38:2D:8E:8E,-55, WPA2 ,0.000000,0.000000,0.000,0.000,AP
2026-05-30 09:16:48,1900-01-00 00:00:00,PTO03-3G,64:DB:38:2D:8E:8E,-55, WPA2 ,0.000000,0.000000,0.000,0.000,AP
2026-05-30 09:16:48,1900-01-00 00:00:00,PTO03-3G,64:DB:38:2D:8E:8E,-53, WPA2 ,0.000000,0.000000,0.000,0.000,AP
2026-05-30 09:16:49,1900-01-00 00:00:00,PTO03-3G,64:DB:38:2D:8E:8E,-55, WPA2 ,0.000000,0.000000,0.000,0.000,AP
2026-05-30 09:16:49,1900-01-00 00:00:00,PTO03-3G,64:DB:38:2D:8E:8E,-55, WPA2 ,0.000000,0.000000,0.000,0.000,AP
2026-05-30 09:16:49,1900-01-00 00:00:00,PTO03-3G,64:DB:38:2D:8E:8E,-55, WPA2 ,0.000000,0.000000,0.000,0.000,AP
2026-05-30 09:16:49,1900-01-00 00:00:00,PTO03-3G,64:DB:38:2D:8E:8E,-55, WPA2 ,0.000000,0.000000,0.000,0.000,AP
2026-05-30 09:16:49,1900-01-00 00:00:00,PTO03-3G,64:DB:38:2D:8E:8E,-57, WPA2 ,0.000000,0.000000,0.000,0.000,AP
2026-05-30 09:16:49,1900-01-00 00:00:00,PTO03-3G,64:DB:38:2D:8E:8E,-57, WPA2 ,0.000000,0.000000,0.000,0.000,AP
2026-05-30 09:16:49,1900-01-00 00:00:00,PTO03-3G,64:DB:38:2D:8E:8E,-55, WPA2 ,0.000000,0.000000,0.000,0.000,AP
2026-05-30 09:16:49,1900-01-00 00:00:00,PTO03-3G,64:DB:38:2D:8E:8E,-53, WPA2 ,0.000000,0.000000,0.000,0.000,AP
2026-05-30 09:16:50,1900-01-00 00:00:00,PTO03-3G,64:DB:38:2D:8E:8E,-55, WPA2 ,0.000000,0.000000,0.000,0.000,AP
2026-05-30 09:16:50,1900-01-00 00:00:00,PTO03-3G,64:DB:38:2D:8E:8E,-53, WPA2 ,0.000000,0.000000,0.000,0.000,AP
2026-05-30 09:16:50,1900-01-00 00:00:00,PTO03-3G,64:DB:38:2D:8E:8E,-55, WPA2 ,0.000000,0.000000,0.000,0.000,AP
2026-05-30 09:16:50,1900-01-00 00:00:00,PTO03-3G,64:DB:38:2D:8E:8E,-53, WPA2 ,0.000000,0.000000,0.000,0.000,AP
2026-05-30 09:16:50,1900-01-00 00:00:00,PTO03-3G,64:DB:38:2D:8E:8E,-53, WPA2 ,0.000000,0.000000,0.000,0.000,AP
2026-05-30 09:16:50,1900-01-00 00:00:00,PTO03-3G,64:DB:38:2D:8E:8E,-55, WPA2 ,0.000000,0.000000,0.000,0.000,AP
2026-05-30 09:16:50,1900-01-00 00:00:00,PTO03-3G,64:DB:38:2D:8E:8E,-55, WPA2 ,0.000000,0.000000,0.000,0.000,AP
2026-05-30 09:16:50,1900-01-00 00:00:00,PTO03-3G,64:DB:38:2D:8E:8E,-55, WPA2 ,0.000000,0.000000,0.000,0.000,AP
2026-05-30 09:16:50,1900-01-00 00:00:00,PTO03-3G,64:DB:38:2D:8E:8E,-55, WPA2 ,0.000000,0.000000,0.000,0.000,AP
2026-05-30 09:16:51,1900-01-00 00:00:00,PTO03-3G,64:DB:38:2D:8E:8E,-55, WPA2 ,0.000000,0.000000,0.000,0.000,AP
2026-05-30 09:16:51,1900-01-00 00:00:00,PTO03-3G,64:DB:38:2D:8E:8E,-55, WPA2 ,0.000000,0.000000,0.000,0.000,AP
2026-05-30 09:16:51,1900-01-00 00:00:00,PTO03-3G,64:DB:38:2D:8E:8E,-55, WPA2 ,0.000000,0.000000,0.000,0.000,AP
2026-05-30 09:16:51,1900-01-00 00:00:00,PTO03-3G,64:DB:38:2D:8E:8E,-55, WPA2 ,0.000000,0.000000,0.000,0.000,AP
2026-05-30 09:16:51,1900-01-00 00:00:00,PTO03-3G,64:DB:38:2D:8E:8E,-55, WPA2 ,0.000000,0.000000,0.000,0.000,AP
2026-05-30 09:16:51,1900-01-00 00:00:00,PTO03-3G,64:DB:38:2D:8E:8E,-55, WPA2 ,0.000000,0.000000,0.000,0.000,AP
2026-05-30 09:16:51,1900-01-00 00:00:00,PTO03-3G,64:DB:38:2D:8E:8E,-55, WPA2 ,0.000000,0.000000,0.000,0.000,AP
2026-05-30 09:16:51,1900-01-00 00:00:00,PTO03-3G,64:DB:38:2D:8E:8E,-55, WPA2 ,0.000000,0.000000,0.000,0.000,AP
2026-05-30 09:16:52,1900-01-00 00:00:00,PTO03-3G,64:DB:38:2D:8E:8E,-53, WPA2 ,0.000000,0.000000,0.000,0.000,AP
2026-05-30 09:16:52,1900-01-00 00:00:00,PTO03-3G,64:DB:38:2D:8E:8E,-55, WPA2 ,0.000000,0.000000,0.000,0.000,AP
2026-05-30 09:16:52,1900-01-00 00:00:00,PTO03-3G,64:DB:38:2D:8E:8E,-53, WPA2 ,0.000000,0.000000,0.000,0.000,AP
2026-05-30 09:16:52,1900-01-00 00:00:00,PTO03-3G,64:DB:38:2D:8E:8E,-53, WPA2 ,0.000000,0.000000,0.000,0.000,AP
2026-05-30 09:16:52,1900-01-00 00:00:00,PTO03-3G,64:DB:38:2D:8E:8E,-55, WPA2 ,0.000000,0.000000,0.000,0.000,AP
2026-05-30 09:16:52,1900-01-00 00:00:00,PTO03-3G,64:DB:38:2D:8E:8E,-53, WPA2 ,0.000000,0.000000,0.000,0.000,AP
2026-05-30 09:16:52,1900-01-00 00:00:00,PTO03-3G,64:DB:38:2D:8E:8E,-53, WPA2 ,0.000000,0.000000,0.000,0.000,AP
2026-05-30 09:16:52,1900-01-00 00:00:00,PTO03-3G,64:DB:38:2D:8E:8E,-55, WPA2 ,0.000000,0.000000,0.000,0.000,AP
2026-05-30 09:16:52,1900-01-00 00:00:00,PTO03-3G,64:DB:38:2D:8E:8E,-55, WPA2 ,0.000000,0.000000,0.000,0.000,AP
2026-05-30 09:16:53,1900-01-00 00:00:00,PTO03-3G,64:DB:38:2D:8E:8E,-53, WPA2 ,0.000000,0.000000,0.000,0.000,AP
2026-05-30 09:16:53,1900-01-00 00:00:00,PTO03-3G,64:DB:38:2D:8E:8E,-53, WPA2 ,0.000000,0.000000,0.000,0.000,AP
2026-05-30 09:16:53,1900-01-00 00:00:00,PTO03-3G,64:DB:38:2D:8E:8E,-53, WPA2 ,0.000000,0.000000,0.000,0.000,AP
2026-05-30 09:16:53,1900-01-00 00:00:00,PTO03-3G,64:DB:38:2D:8E:8E,-55, WPA2 ,0.000000,0.000000,0.000,0.000,AP
2026-05-30 09:16:53,1900-01-00 00:00:00,PTO03-3G,64:DB:38:2D:8E:8E,-55, WPA2 ,0.000000,0.000000,0.000,0.000,AP
2026-05-30 09:16:53,1900-01-00 00:00:00,PTO03-3G,64:DB:38:2D:8E:8E,-53, WPA2 ,0.000000,0.000000,0.000,0.000,AP
2026-05-30 09:16:53,1900-01-00 00:00:00,PTO03-3G,64:DB:38:2D:8E:8E,-53, WPA2 ,0.000000,0.000000,0.000,0.000,AP
2026-05-30 09:16:53,1900-01-00 00:00:00,PTO03-3G,64:DB:38:2D:8E:8E,-55, WPA2 ,0.000000,0.000000,0.000,0.000,AP
2026-05-30 09:16:53,1900-01-00 00:00:00,PTO03-3G,64:DB:38:2D:8E:8E,-55, WPA2 ,0.000000,0.000000,0.000,0.000,AP
2026-05-30 09:16:53,1900-01-00 00:00:00,PTO03-3G,64:DB:38:2D:8E:8E,-55, WPA2 ,0.000000,0.000000,0.000,0.000,AP
2026-05-30 09:16:53,1900-01-00 00:00:00,PTO03-3G,64:DB:38:2D:8E:8E,-53, WPA2 ,0.000000,0.000000,0.000,0.000,AP
2026-05-30 09:16:53,1900-01-00 00:00:00,PTO03-3G,64:DB:38:2D:8E:8E,-55, WPA2 ,0.000000,0.000000,0.000,0.000,AP
2026-05-30 09:16:53,1900-01-00 00:00:00,PTO03-3G,64:DB:38:2D:8E:8E,-55, WPA2 ,0.000000,0.000000,0.000,0.000,AP
2026-05-30 09:16:54,1900-01-00 00:00:00,PTO03-3G,64:DB:38:2D:8E:8E,-53, WPA2 ,0.000000,0.000000,0.000,0.000,AP
2026-05-30 09:16:54,1900-01-00 00:00:00,PTO03-3G,64:DB:38:2D:8E:8E,-55, WPA2 ,0.000000,0.000000,0.000,0.000,AP
2026-05-30 09:16:54,1900-01-00 00:00:00,PTO03-3G,64:DB:38:2D:8E:8E,-55, WPA2 ,0.000000,0.000000,0.000,0.000,AP
2026-05-30 09:16:54,1900-01-00 00:00:00,PTO03-3G,64:DB:38:2D:8E:8E,-55, WPA2 ,0.000000,0.000000,0.000,0.000,AP
2026-05-30 09:16:54,1900-01-00 00:00:00,PTO03-3G,64:DB:38:2D:8E:8E,-53, WPA2 ,0.000000,0.000000,0.000,0.000,AP
2026-05-30 09:16:55,1900-01-00 00:00:00,PTO03-3G,64:DB:38:2D:8E:8E,-55, WPA2 ,0.000000,0.000000,0.000,0.000,AP
2026-05-30 09:16:55,1900-01-00 00:00:00,PTO03-3G,64:DB:38:2D:8E:8E,-55, WPA2 ,0.000000,0.000000,0.000,0.000,AP
2026-05-30 09:16:55,1900-01-00 00:00:00,PTO03-3G,64:DB:38:2D:8E:8E,-55, WPA2 ,0.000000,0.000000,0.000,0.000,AP
2026-05-30 09:16:55,1900-01-00 00:00:00,PTO03-3G,64:DB:38:2D:8E:8E,-55, WPA2 ,0.000000,0.000000,0.000,0.000,AP
2026-05-30 09:16:55,1900-01-00 00:00:00,PTO03-3G,64:DB:38:2D:8E:8E,-55, WPA2 ,0.000000,0.000000,0.000,0.000,AP
2026-05-30 09:16:55,1900-01-00 00:00:00,PTO03-3G,64:DB:38:2D:8E:8E,-55, WPA2 ,0.000000,0.000000,0.000,0.000,AP
2026-05-30 09:16:55,1900-01-00 00:00:00,PTO03-3G,64:DB:38:2D:8E:8E,-55, WPA2 ,0.000000,0.000000,0.000,0.000,AP
2026-05-30 09:16:56,1900-01-00 00:00:00,PTO03-3G,64:DB:38:2D:8E:8E,-53, WPA2 ,0.000000,0.000000,0.000,0.000,AP
2026-05-30 09:16:56,1900-01-00 00:00:00,PTO03-3G,64:DB:38:2D:8E:8E,-55, WPA2 ,0.000000,0.000000,0.000,0.000,AP
2026-05-30 09:16:56,1900-01-00 00:00:00,PTO03-3G,64:DB:38:2D:8E:8E,-55, WPA2 ,0.000000,0.000000,0.000,0.000,AP
2026-05-30 09:16:56,1900-01-00 00:00:00,PTO03-3G,64:DB:38:2D:8E:8E,-53, WPA2 ,0.000000,0.000000,0.000,0.000,AP
2026-05-30 09:16:56,1900-01-00 00:00:00,PTO03-3G,64:DB:38:2D:8E:8E,-55, WPA2 ,0.000000,0.000000,0.000,0.000,AP
2026-05-30 09:16:56,1900-01-00 00:00:00,PTO03-3G,64:DB:38:2D:8E:8E,-55, WPA2 ,0.000000,0.000000,0.000,0.000,AP
2026-05-30 09:16:57,1900-01-00 00:00:00,PTO03-3G,64:DB:38:2D:8E:8E,-53, WPA2 ,0.000000,0.000000,0.000,0.000,AP
2026-05-30 09:16:57,1900-01-00 00:00:00,PTO03-3G,64:DB:38:2D:8E:8E,-55, WPA2 ,0.000000,0.000000,0.000,0.000,AP
2026-05-30 09:16:57,1900-01-00 00:00:00,PTO03-3G,64:DB:38:2D:8E:8E,-53, WPA2 ,0.000000,0.000000,0.000,0.000,AP
2026-05-30 09:16:57,1900-01-00 00:00:00,PTO03-3G,64:DB:38:2D:8E:8E,-55, WPA2 ,0.000000,0.000000,0.000,0.000,AP
2026-05-30 09:16:57,1900-01-00 00:00:00,PTO03-3G,64:DB:38:2D:8E:8E,-53, WPA2 ,0.000000,0.000000,0.000,0.000,AP
2026-05-30 09:16:57,1900-01-00 00:00:00,PTO03-3G,64:DB:38:2D:8E:8E,-53, WPA2 ,0.000000,0.000000,0.000,0.000,AP
2026-05-30 09:16:57,1900-01-00 00:00:00,PTO03-3G,64:DB:38:2D:8E:8E,-53, WPA2 ,0.000000,0.000000,0.000,0.000,AP
2026-05-30 09:16:58,1900-01-00 00:00:00,PTO03-3G,64:DB:38:2D:8E:8E,-53, WPA2 ,0.000000,0.000000,0.000,0.000,AP
2026-05-30 09:16:58,1900-01-00 00:00:00,PTO03-3G,64:DB:38:2D:8E:8E,-53, WPA2 ,0.000000,0.000000,0.000,0.000,AP
2026-05-30 09:16:58,1900-01-00 00:00:00,PTO03-3G,64:DB:38:2D:8E:8E,-53, WPA2 ,0.000000,0.000000,0.000,0.000,AP
2026-05-30 09:16:58,1900-01-00 00:00:00,PTO03-3G,64:DB:38:2D:8E:8E,-55, WPA2 ,0.000000,0.000000,0.000,0.000,AP
2026-05-30 09:16:58,1900-01-00 00:00:00,PTO03-3G,64:DB:38:2D:8E:8E,-53, WPA2 ,0.000000,0.000000,0.000,0.000,AP
2026-05-30 09:16:58,1900-01-00 00:00:00,PTO03-3G,64:DB:38:2D:8E:8E,-53, WPA2 ,0.000000,0.000000,0.000,0.000,AP
2026-05-30 09:16:58,1900-01-00 00:00:00,PTO03-3G,64:DB:38:2D:8E:8E,-55, WPA2 ,0.000000,0.000000,0.000,0.000,AP
2026-05-30 09:16:59,1900-01-00 00:00:00,PTO03-3G,64:DB:38:2D:8E:8E,-55, WPA2 ,0.000000,0.000000,0.000,0.000,AP
2026-05-30 09:16:59,1900-01-00 00:00:00,PTO03-3G,64:DB:38:2D:8E:8E,-55, WPA2 ,0.000000,0.000000,0.000,0.000,AP
2026-05-30 09:16:59,1900-01-00 00:00:00,PTO03-3G,64:DB:38:2D:8E:8E,-55, WPA2 ,0.000000,0.000000,0.000,0.000,AP
2026-05-30 09:16:59,1900-01-00 00:00:00,PTO03-3G,64:DB:38:2D:8E:8E,-55, WPA2 ,0.000000,0.000000,0.000,0.000,AP
2026-05-30 09:16:59,1900-01-00 00:00:00,PTO03-3G,64:DB:38:2D:8E:8E,-55, WPA2 ,0.000000,0.000000,0.000,0.000,AP
2026-05-30 09:16:59,1900-01-00 00:00:00,PTO03-3G,64:DB:38:2D:8E:8E,-55, WPA2 ,0.000000,0.000000,0.000,0.000,AP
2026-05-30 09:16:59,1900-01-00 00:00:00,PTO03-3G,64:DB:38:2D:8E:8E,-55, WPA2 ,0.000000,0.000000,0.000,0.000,AP
2026-05-30 09:16:59,1900-01-00 00:00:00,PTO03-3G,64:DB:38:2D:8E:8E,-53, WPA2 ,0.000000,0.000000,0.000,0.000,AP
2026-05-30 09:17:00,1900-01-00 00:00:00,PTO03-3G,64:DB:38:2D:8E:8E,-55, WPA2 ,0.000000,0.000000,0.000,0.000,AP
2026-05-30 09:17:00,1900-01-00 00:00:00,PTO03-3G,64:DB:38:2D:8E:8E,-53, WPA2 ,0.000000,0.000000,0.000,0.000,AP
2026-05-30 09:17:00,1900-01-00 00:00:00,PTO03-3G,64:DB:38:2D:8E:8E,-55, WPA2 ,0.000000,0.000000,0.000,0.000,AP
2026-05-30 09:17:00,1900-01-00 00:00:00,PTO03-3G,64:DB:38:2D:8E:8E,-55, WPA2 ,0.000000,0.000000,0.000,0.000,AP
2026-05-30 09:17:00,1900-01-00 00:00:00,PTO03-3G,64:DB:38:2D:8E:8E,-55, WPA2 ,0.000000,0.000000,0.000,0.000,AP
2026-05-30 09:17:00,1900-01-00 00:00:00,PTO03-3G,64:DB:38:2D:8E:8E,-55, WPA2 ,0.000000,0.000000,0.000,0.000,AP
2026-05-30 09:17:00,1900-01-00 00:00:00,PTO03-3G,64:DB:38:2D:8E:8E,-55, WPA2 ,0.000000,0.000000,0.000,0.000,AP
2026-05-30 09:17:00,1900-01-00 00:00:00,PTO03-3G,64:DB:38:2D:8E:8E,-53, WPA2 ,0.000000,0.000000,0.000,0.000,AP
2026-05-30 09:17:00,1900-01-00 00:00:00,PTO03-3G,64:DB:38:2D:8E:8E,-55, WPA2 ,0.000000,0.000000,0.000,0.000,AP
2026-05-30 09:17:01,1900-01-00 00:00:00,PTO03-3G,64:DB:38:2D:8E:8E,-55, WPA2 ,0.000000,0.000000,0.000,0.000,AP
2026-05-30 09:17:01,1900-01-00 00:00:00,PTO03-3G,64:DB:38:2D:8E:8E,-55, WPA2 ,0.000000,0.000000,0.000,0.000,AP
2026-05-30 09:17:01,1900-01-00 00:00:00,PTO03-3G,64:DB:38:2D:8E:8E,-55, WPA2 ,0.000000,0.000000,0.000,0.000,AP
2026-05-30 09:17:01,1900-01-00 00:00:00,PTO03-3G,64:DB:38:2D:8E:8E,-53, WPA2 ,0.000000,0.000000,0.000,0.000,AP
2026-05-30 09:17:01,1900-01-00 00:00:00,PTO03-3G,64:DB:38:2D:8E:8E,-53, WPA2 ,0.000000,0.000000,0.000,0.000,AP
2026-05-30 09:17:01,1900-01-00 00:00:00,PTO03-3G,64:DB:38:2D:8E:8E,-55, WPA2 ,0.000000,0.000000,0.000,0.000,AP
2026-05-30 09:17:01,1900-01-00 00:00:00,PTO03-3G,64:DB:38:2D:8E:8E,-55, WPA2 ,0.000000,0.000000,0.000,0.000,AP
2026-05-30 09:17:02,1900-01-00 00:00:00,PTO03-3G,64:DB:38:2D:8E:8E,-57, WPA2 ,0.000000,0.000000,0.000,0.000,AP
2026-05-30 09:17:02,1900-01-00 00:00:00,PTO03-3G,64:DB:38:2D:8E:8E,-55, WPA2 ,0.000000,0.000000,0.000,0.000,AP
2026-05-30 09:17:02,1900-01-00 00:00:00,PTO03-3G,64:DB:38:2D:8E:8E,-55, WPA2 ,0.000000,0.000000,0.000,0.000,AP
2026-05-30 09:17:02,1900-01-00 00:00:00,PTO03-3G,64:DB:38:2D:8E:8E,-57, WPA2 ,0.000000,0.000000,0.000,0.000,AP
2026-05-30 09:17:02,1900-01-00 00:00:00,PTO03-3G,64:DB:38:2D:8E:8E,-61, WPA2 ,0.000000,0.000000,0.000,0.000,AP
2026-05-30 09:17:02,1900-01-00 00:00:00,PTO03-3G,64:DB:38:2D:8E:8E,-57, WPA2 ,0.000000,0.000000,0.000,0.000,AP
2026-05-30 09:17:02,1900-01-00 00:00:00,PTO03-3G,64:DB:38:2D:8E:8E,-57, WPA2 ,0.000000,0.000000,0.000,0.000,AP
2026-05-30 09:17:02,1900-01-00 00:00:00,PTO03-3G,64:DB:38:2D:8E:8E,-57, WPA2 ,0.000000,0.000000,0.000,0.000,AP
2026-05-30 09:17:02,1900-01-00 00:00:00,PTO03-3G,64:DB:38:2D:8E:8E,-57, WPA2 ,0.000000,0.000000,0.000,0.000,AP
2026-05-30 09:17:02,1900-01-00 00:00:00,PTO03-3G,64:DB:38:2D:8E:8E,-57, WPA2 ,0.000000,0.000000,0.000,0.000,AP
2026-05-30 09:17:03,1900-01-00 00:00:00,PTO03-3G,64:DB:38:2D:8E:8E,-57, WPA2 ,0.000000,0.000000,0.000,0.000,AP
2026-05-30 09:17:03,1900-01-00 00:00:00,PTO03-3G,64:DB:38:2D:8E:8E,-57, WPA2 ,0.000000,0.000000,0.000,0.000,AP
2026-05-30 09:17:03,1900-01-00 00:00:00,PTO03-3G,64:DB:38:2D:8E:8E,-57, WPA2 ,0.000000,0.000000,0.000,0.000,AP
2026-05-30 09:17:03,1900-01-00 00:00:00,PTO03-3G,64:DB:38:2D:8E:8E,-59, WPA2 ,0.000000,0.000000,0.000,0.000,AP
2026-05-30 09:17:03,1900-01-00 00:00:00,PTO03-3G,64:DB:38:2D:8E:8E,-59, WPA2 ,0.000000,0.000000,0.000,0.000,AP
2026-05-30 09:17:03,1900-01-00 00:00:00,PTO03-3G,64:DB:38:2D:8E:8E,-55, WPA2 ,0.000000,0.000000,0.000,0.000,AP
2026-05-30 09:17:03,1900-01-00 00:00:00,PTO03-3G,64:DB:38:2D:8E:8E,-55, WPA2 ,0.000000,0.000000,0.000,0.000,AP
2026-05-30 09:17:04,1900-01-00 00:00:00,PTO03-3G,64:DB:38:2D:8E:8E,-55, WPA2 ,0.000000,0.000000,0.000,0.000,AP
2026-05-30 09:17:04,1900-01-00 00:00:00,PTO03-3G,64:DB:38:2D:8E:8E,-55, WPA2 ,0.000000,0.000000,0.000,0.000,AP
2026-05-30 09:17:04,1900-01-00 00:00:00,PTO03-3G,64:DB:38:2D:8E:8E,-55, WPA2 ,0.000000,0.000000,0.000,0.000,AP
2026-05-30 09:17:04,1900-01-00 00:00:00,PTO03-3G,64:DB:38:2D:8E:8E,-55, WPA2 ,0.000000,0.000000,0.000,0.000,AP
2026-05-30 09:17:04,1900-01-00 00:00:00,PTO03-3G,64:DB:38:2D:8E:8E,-55, WPA2 ,0.000000,0.000000,0.000,0.000,AP
2026-05-30 09:17:04,1900-01-00 00:00:00,PTO03-3G,64:DB:38:2D:8E:8E,-55, WPA2 ,0.000000,0.000000,0.000,0.000,AP
2026-05-30 09:17:04,1900-01-00 00:00:00,PTO03-3G,64:DB:38:2D:8E:8E,-55, WPA2 ,0.000000,0.000000,0.000,0.000,AP
2026-05-30 09:17:05,1900-01-00 00:00:00,PTO03-3G,64:DB:38:2D:8E:8E,-55, WPA2 ,0.000000,0.000000,0.000,0.000,AP
2026-05-30 09:17:05,1900-01-00 00:00:00,PTO03-3G,64:DB:38:2D:8E:8E,-55, WPA2 ,0.000000,0.000000,0.000,0.000,AP
2026-05-30 09:17:05,1900-01-00 00:00:00,PTO03-3G,64:DB:38:2D:8E:8E,-55, WPA2 ,0.000000,0.000000,0.000,0.000,AP
2026-05-30 09:17:05,1900-01-00 00:00:00,PTO03-3G,64:DB:38:2D:8E:8E,-53, WPA2 ,0.000000,0.000000,0.000,0.000,AP
2026-05-30 09:17:05,1900-01-00 00:00:00,PTO03-3G,64:DB:38:2D:8E:8E,-57, WPA2 ,0.000000,0.000000,0.000,0.000,AP
2026-05-30 09:17:05,1900-01-00 00:00:00,PTO03-3G,64:DB:38:2D:8E:8E,-55, WPA2 ,0.000000,0.000000,0.000,0.000,AP
2026-05-30 09:17:05,1900-01-00 00:00:00,PTO03-3G,64:DB:38:2D:8E:8E,-55, WPA2 ,0.000000,0.000000,0.000,0.000,AP
2026-05-30 09:17:05,1900-01-00 00:00:00,PTO03-3G,64:DB:38:2D:8E:8E,-55, WPA2 ,0.000000,0.000000,0.000,0.000,AP
2026-05-30 09:17:05,1900-01-00 00:00:00,PTO03-3G,64:DB:38:2D:8E:8E,-55, WPA2 ,0.000000,0.000000,0.000,0.000,AP
2026-05-30 09:17:06,1900-01-00 00:00:00,PTO03-3G,64:DB:38:2D:8E:8E,-55, WPA2 ,0.000000,0.000000,0.000,0.000,AP
2026-05-30 09:17:06,1900-01-00 00:00:00,PTO03-3G,64:DB:38:2D:8E:8E,-57, WPA2 ,0.000000,0.000000,0.000,0.000,AP
2026-05-30 09:17:06,1900-01-00 00:00:00,PTO03-3G,64:DB:38:2D:8E:8E,-57, WPA2 ,0.000000,0.000000,0.000,0.000,AP
2026-05-30 09:17:06,1900-01-00 00:00:00,PTO03-3G,64:DB:38:2D:8E:8E,-55, WPA2 ,0.000000,0.000000,0.000,0.000,AP
2026-05-30 09:17:06,1900-01-00 00:00:00,PTO03-3G,64:DB:38:2D:8E:8E,-55, WPA2 ,0.000000,0.000000,0.000,0.000,AP
2026-05-30 09:17:06,1900-01-00 00:00:00,PTO03-3G,64:DB:38:2D:8E:8E,-55, WPA2 ,0.000000,0.000000,0.000,0.000,AP
2026-05-30 09:17:06,1900-01-00 00:00:00,PTO03-3G,64:DB:38:2D:8E:8E,-55, WPA2 ,0.000000,0.000000,0.000,0.000,AP
2026-05-30 09:17:06,1900-01-00 00:00:00,PTO03-3G,64:DB:38:2D:8E:8E,-53, WPA2 ,0.000000,0.000000,0.000,0.000,AP
2026-05-30 09:17:07,1900-01-00 00:00:00,PTO03-3G,64:DB:38:2D:8E:8E,-55, WPA2 ,0.000000,0.000000,0.000,0.000,AP
2026-05-30 09:17:07,1900-01-00 00:00:00,PTO03-3G,64:DB:38:2D:8E:8E,-55, WPA2 ,0.000000,0.000000,0.000,0.000,AP
2026-05-30 09:17:07,1900-01-00 00:00:00,PTO03-3G,64:DB:38:2D:8E:8E,-55, WPA2 ,0.000000,0.000000,0.000,0.000,AP
2026-05-30 09:17:07,1900-01-00 00:00:00,PTO03-3G,64:DB:38:2D:8E:8E,-53, WPA2 ,0.000000,0.000000,0.000,0.000,AP
2026-05-30 09:17:07,1900-01-00 00:00:00,PTO03-3G,64:DB:38:2D:8E:8E,-55, WPA2 ,0.000000,0.000000,0.000,0.000,AP
2026-05-30 09:17:07,1900-01-00 00:00:00,PTO03-3G,64:DB:38:2D:8E:8E,-55, WPA2 ,0.000000,0.000000,0.000,0.000,AP
2026-05-30 09:17:07,1900-01-00 00:00:00,PTO03-3G,64:DB:38:2D:8E:8E,-55, WPA2 ,0.000000,0.000000,0.000,0.000,AP
2026-05-30 09:17:08,1900-01-00 00:00:00,PTO03-3G,64:DB:38:2D:8E:8E,-55, WPA2 ,0.000000,0.000000,0.000,0.000,AP
2026-05-30 09:17:08,1900-01-00 00:00:00,PTO03-3G,64:DB:38:2D:8E:8E,-55, WPA2 ,0.000000,0.000000,0.000,0.000,AP
2026-05-30 09:17:08,1900-01-00 00:00:00,PTO03-3G,64:DB:38:2D:8E:8E,-55, WPA2 ,0.000000,0.000000,0.000,0.000,AP
2026-05-30 09:17:08,1900-01-00 00:00:00,PTO03-3G,64:DB:38:2D:8E:8E,-55, WPA2 ,0.000000,0.000000,0.000,0.000,AP
2026-05-30 09:17:08,1900-01-00 00:00:00,PTO03-3G,64:DB:38:2D:8E:8E,-55, WPA2 ,0.000000,0.000000,0.000,0.000,AP
2026-05-30 09:17:08,1900-01-00 00:00:00,PTO03-3G,64:DB:38:2D:8E:8E,-55, WPA2 ,0.000000,0.000000,0.000,0.000,AP
2026-05-30 09:17:08,1900-01-00 00:00:00,PTO03-3G,64:DB:38:2D:8E:8E,-55, WPA2 ,0.000000,0.000000,0.000,0.000,AP
2026-05-30 09:17:08,1900-01-00 00:00:00,PTO03-3G,64:DB:38:2D:8E:8E,-55, WPA2 ,0.000000,0.000000,0.000,0.000,AP
2026-05-30 09:17:09,1900-01-00 00:00:00,PTO03-3G,64:DB:38:2D:8E:8E,-55, WPA2 ,0.000000,0.000000,0.000,0.000,AP
2026-05-30 09:17:09,1900-01-00 00:00:00,PTO03-3G,64:DB:38:2D:8E:8E,-55, WPA2 ,0.000000,0.000000,0.000,0.000,AP
2026-05-30 09:17:09,1900-01-00 00:00:00,PTO03-3G,64:DB:38:2D:8E:8E,-55, WPA2 ,0.000000,0.000000,0.000,0.000,AP
2026-05-30 09:17:09,1900-01-00 00:00:00,PTO03-3G,64:DB:38:2D:8E:8E,-55, WPA2 ,0.000000,0.000000,0.000,0.000,AP
2026-05-30 09:17:09,1900-01-00 00:00:00,PTO03-3G,64:DB:38:2D:8E:8E,-55, WPA2 ,0.000000,0.000000,0.000,0.000,AP
2026-05-30 09:17:09,1900-01-00 00:00:00,PTO03-3G,64:DB:38:2D:8E:8E,-55, WPA2 ,0.000000,0.000000,0.000,0.000,AP
2026-05-30 09:17:09,1900-01-00 00:00:00,PTO03-3G,64:DB:38:2D:8E:8E,-55, WPA2 ,0.000000,0.000000,0.000,0.000,AP
2026-05-30 09:17:09,1900-01-00 00:00:00,PTO03-3G,64:DB:38:2D:8E:8E,-55, WPA2 ,0.000000,0.000000,0.000,0.000,AP
2026-05-30 09:17:09,1900-01-00 00:00:00,PTO03-3G,64:DB:38:2D:8E:8E,-55, WPA2 ,0.000000,0.000000,0.000,0.000,AP
2026-05-30 09:17:09,1900-01-00 00:00:00,PTO03-3G,64:DB:38:2D:8E:8E,-55, WPA2 ,0.000000,0.000000,0.000,0.000,AP
2026-05-30 09:17:09,1900-01-00 00:00:00,PTO03-3G,64:DB:38:2D:8E:8E,-55, WPA2 ,0.000000,0.000000,0.000,0.000,AP
2026-05-30 09:17:09,1900-01-00 00:00:00,PTO03-3G,64:DB:38:2D:8E:8E,-55, WPA2 ,0.000000,0.000000,0.000,0.000,AP
2026-05-30 09:17:09,1900-01-00 00:00:00,PTO03-3G,64:DB:38:2D:8E:8E,-55, WPA2 ,0.000000,0.000000,0.000,0.000,AP
2026-05-30 09:17:10,1900-01-00 00:00:00,PTO03-3G,64:DB:38:2D:8E:8E,-55, WPA2 ,0.000000,0.000000,0.000,0.000,AP
2026-05-30 09:17:10,1900-01-00 00:00:00,PTO03-3G,64:DB:38:2D:8E:8E,-55, WPA2 ,0.000000,0.000000,0.000,0.000,AP
2026-05-30 09:17:10,1900-01-00 00:00:00,PTO03-3G,64:DB:38:2D:8E:8E,-55, WPA2 ,0.000000,0.000000,0.000,0.000,AP
2026-05-30 09:17:10,1900-01-00 00:00:00,PTO03-3G,64:DB:38:2D:8E:8E,-55, WPA2 ,0.000000,0.000000,0.000,0.000,AP
2026-05-30 09:17:10,1900-01-00 00:00:00,PTO03-3G,64:DB:38:2D:8E:8E,-53, WPA2 ,0.000000,0.000000,0.000,0.000,AP
2026-05-30 09:17:10,1900-01-00 00:00:00,PTO03-3G,64:DB:38:2D:8E:8E,-55, WPA2 ,0.000000,0.000000,0.000,0.000,AP
2026-05-30 09:17:10,1900-01-00 00:00:00,PTO03-3G,64:DB:38:2D:8E:8E,-55, WPA2 ,0.000000,0.000000,0.000,0.000,AP
2026-05-30 09:17:10,1900-01-00 00:00:00,PTO03-3G,64:DB:38:2D:8E:8E,-55, WPA2 ,0.000000,0.000000,0.000,0.000,AP
2026-05-30 09:17:10,1900-01-00 00:00:00,PTO03-3G,64:DB:38:2D:8E:8E,-55, WPA2 ,0.000000,0.000000,0.000,0.000,AP
2026-05-30 09:17:10,1900-01-00 00:00:00,PTO03-3G,64:DB:38:2D:8E:8E,-55, WPA2 ,0.000000,0.000000,0.000,0.000,AP
2026-05-30 09:17:10,1900-01-00 00:00:00,PTO03-3G,64:DB:38:2D:8E:8E,-55, WPA2 ,0.000000,0.000000,0.000,0.000,AP
2026-05-30 09:17:10,1900-01-00 00:00:00,PTO03-3G,64:DB:38:2D:8E:8E,-55, WPA2 ,0.000000,0.000000,0.000,0.000,AP
2026-05-30 09:17:10,1900-01-00 00:00:00,PTO03-3G,64:DB:38:2D:8E:8E,-53, WPA2 ,0.000000,0.000000,0.000,0.000,AP
2026-05-30 09:17:10,1900-01-00 00:00:00,PTO03-3G,64:DB:38:2D:8E:8E,-53, WPA2 ,0.000000,0.000000,0.000,0.000,AP
2026-05-30 09:17:11,1900-01-00 00:00:00,PTO03-3G,64:DB:38:2D:8E:8E,-55, WPA2 ,0.000000,0.000000,0.000,0.000,AP
2026-05-30 09:17:11,1900-01-00 00:00:00,PTO03-3G,64:DB:38:2D:8E:8E,-55, WPA2 ,0.000000,0.000000,0.000,0.000,AP
2026-05-30 09:17:11,1900-01-00 00:00:00,PTO03-3G,64:DB:38:2D:8E:8E,-55, WPA2 ,0.000000,0.000000,0.000,0.000,AP
2026-05-30 09:17:11,1900-01-00 00:00:00,PTO03-3G,64:DB:38:2D:8E:8E,-55, WPA2 ,0.000000,0.000000,0.000,0.000,AP
2026-05-30 09:17:11,1900-01-00 00:00:00,PTO03-3G,64:DB:38:2D:8E:8E,-55, WPA2 ,0.000000,0.000000,0.000,0.000,AP
2026-05-30 09:17:11,1900-01-00 00:00:00,PTO03-3G,64:DB:38:2D:8E:8E,-55, WPA2 ,0.000000,0.000000,0.000,0.000,AP
2026-05-30 09:17:11,1900-01-00 00:00:00,PTO03-3G,64:DB:38:2D:8E:8E,-55, WPA2 ,0.000000,0.000000,0.000,0.000,AP
2026-05-30 09:17:11,1900-01-00 00:00:00,PTO03-3G,64:DB:38:2D:8E:8E,-55, WPA2 ,0.000000,0.000000,0.000,0.000,AP
2026-05-30 09:17:11,1900-01-00 00:00:00,PTO03-3G,64:DB:38:2D:8E:8E,-55, WPA2 ,0.000000,0.000000,0.000,0.000,AP
2026-05-30 09:17:12,1900-01-00 00:00:00,PTO03-3G,64:DB:38:2D:8E:8E,-55, WPA2 ,0.000000,0.000000,0.000,0.000,AP
2026-05-30 09:17:12,1900-01-00 00:00:00,PTO03-3G,64:DB:38:2D:8E:8E,-55, WPA2 ,0.000000,0.000000,0.000,0.000,AP
2026-05-30 09:17:12,1900-01-00 00:00:00,PTO03-3G,64:DB:38:2D:8E:8E,-55, WPA2 ,0.000000,0.000000,0.000,0.000,AP
2026-05-30 09:17:12,1900-01-00 00:00:00,PTO03-3G,64:DB:38:2D:8E:8E,-55, WPA2 ,0.000000,0.000000,0.000,0.000,AP
2026-05-30 09:17:12,1900-01-00 00:00:00,PTO03-3G,64:DB:38:2D:8E:8E,-55, WPA2 ,0.000000,0.000000,0.000,0.000,AP
2026-05-30 09:17:12,1900-01-00 00:00:00,PTO03-3G,64:DB:38:2D:8E:8E,-53, WPA2 ,0.000000,0.000000,0.000,0.000,AP
2026-05-30 09:17:12,1900-01-00 00:00:00,PTO03-3G,64:DB:38:2D:8E:8E,-55, WPA2 ,0.000000,0.000000,0.000,0.000,AP
2026-05-30 09:17:12,1900-01-00 00:00:00,PTO03-3G,64:DB:38:2D:8E:8E,-55, WPA2 ,0.000000,0.000000,0.000,0.000,AP
2026-05-30 09:17:12,1900-01-00 00:00:00,PTO03-3G,64:DB:38:2D:8E:8E,-55, WPA2 ,0.000000,0.000000,0.000,0.000,AP
2026-05-30 09:17:13,1900-01-00 00:00:00,PTO03-3G,64:DB:38:2D:8E:8E,-55, WPA2 ,0.000000,0.000000,0.000,0.000,AP
2026-05-30 09:17:13,1900-01-00 00:00:00,PTO03-3G,64:DB:38:2D:8E:8E,-55, WPA2 ,0.000000,0.000000,0.000,0.000,AP
2026-05-30 09:17:13,1900-01-00 00:00:00,PTO03-3G,64:DB:38:2D:8E:8E,-53, WPA2 ,0.000000,0.000000,0.000,0.000,AP
2026-05-30 09:17:13,1900-01-00 00:00:00,PTO03-3G,64:DB:38:2D:8E:8E,-55, WPA2 ,0.000000,0.000000,0.000,0.000,AP
2026-05-30 09:17:13,1900-01-00 00:00:00,PTO03-3G,64:DB:38:2D:8E:8E,-53, WPA2 ,0.000000,0.000000,0.000,0.000,AP
2026-05-30 09:17:13,1900-01-00 00:00:00,PTO03-3G,64:DB:38:2D:8E:8E,-55, WPA2 ,0.000000,0.000000,0.000,0.000,AP
2026-05-30 09:17:13,1900-01-00 00:00:00,PTO03-3G,64:DB:38:2D:8E:8E,-53, WPA2 ,0.000000,0.000000,0.000,0.000,AP
2026-05-30 09:17:14,1900-01-00 00:00:00,PTO03-3G,64:DB:38:2D:8E:8E,-53, WPA2 ,0.000000,0.000000,0.000,0.000,AP
2026-05-30 09:17:14,1900-01-00 00:00:00,PTO03-3G,64:DB:38:2D:8E:8E,-53, WPA2 ,0.000000,0.000000,0.000,0.000,AP
2026-05-30 09:17:14,1900-01-00 00:00:00,PTO03-3G,64:DB:38:2D:8E:8E,-55, WPA2 ,0.000000,0.000000,0.000,0.000,AP
2026-05-30 09:17:14,1900-01-00 00:00:00,PTO03-3G,64:DB:38:2D:8E:8E,-55, WPA2 ,0.000000,0.000000,0.000,0.000,AP
2026-05-30 09:17:14,1900-01-00 00:00:00,PTO03-3G,64:DB:38:2D:8E:8E,-55, WPA2 ,0.000000,0.000000,0.000,0.000,AP
2026-05-30 09:17:14,1900-01-00 00:00:00,PTO03-3G,64:DB:38:2D:8E:8E,-55, WPA2 ,0.000000,0.000000,0.000,0.000,AP
2026-05-30 09:17:14,1900-01-00 00:00:00,PTO03-3G,64:DB:38:2D:8E:8E,-55, WPA2 ,0.000000,0.000000,0.000,0.000,AP
2026-05-30 09:17:14,1900-01-00 00:00:00,PTO03-3G,64:DB:38:2D:8E:8E,-55, WPA2 ,0.000000,0.000000,0.000,0.000,AP
2026-05-30 09:17:15,1900-01-00 00:00:00,PTO03-3G,64:DB:38:2D:8E:8E,-53, WPA2 ,0.000000,0.000000,0.000,0.000,AP
2026-05-30 09:17:15,1900-01-00 00:00:00,PTO03-3G,64:DB:38:2D:8E:8E,-55, WPA2 ,0.000000,0.000000,0.000,0.000,AP
2026-05-30 09:17:15,1900-01-00 00:00:00,PTO03-3G,64:DB:38:2D:8E:8E,-55, WPA2 ,0.000000,0.000000,0.000,0.000,AP
2026-05-30 09:17:15,1900-01-00 00:00:00,PTO03-3G,64:DB:38:2D:8E:8E,-53, WPA2 ,0.000000,0.000000,0.000,0.000,AP
2026-05-30 09:17:15,1900-01-00 00:00:00,PTO03-3G,64:DB:38:2D:8E:8E,-55, WPA2 ,0.000000,0.000000,0.000,0.000,AP
2026-05-30 09:17:15,1900-01-00 00:00:00,PTO03-3G,64:DB:38:2D:8E:8E,-55, WPA2 ,0.000000,0.000000,0.000,0.000,AP
2026-05-30 09:17:15,1900-01-00 00:00:00,PTO03-3G,64:DB:38:2D:8E:8E,-55, WPA2 ,0.000000,0.000000,0.000,0.000,AP
2026-05-30 09:17:15,1900-01-00 00:00:00,PTO03-3G,64:DB:38:2D:8E:8E,-55, WPA2 ,0.000000,0.000000,0.000,0.000,AP
2026-05-30 09:17:15,1900-01-00 00:00:00,PTO03-3G,64:DB:38:2D:8E:8E,-55, WPA2 ,0.000000,0.000000,0.000,0.000,AP
2026-05-30 09:17:16,1900-01-00 00:00:00,PTO03-3G,64:DB:38:2D:8E:8E,-55, WPA2 ,0.000000,0.000000,0.000,0.000,AP
2026-05-30 09:17:16,1900-01-00 00:00:00,PTO03-3G,64:DB:38:2D:8E:8E,-55, WPA2 ,0.000000,0.000000,0.000,0.000,AP
